Username,Comment,vader_sentiment
@Livyluv4,This never gets old,1
@beautytoexplore5514,"Dear stranger, you have a great music taste.. ",1
@dar_shinee,This song is staying in my head rent-freeï¸ï¸,1
@muniraakter6777,"The vibe of this song:
The meaning of this song:",1
@Team_dreamers,2024 Attendence Here ,1
@jayrathore279,"Song is old 
But vibe is gold..",1
@arjunprasadyadav4182,This song is never getting old,1
@shravanchougule2209,2:24 this music feels like heaven ,1
@kuroplaying5247,"Don't matter how many months or years, this masterpiece never get old ",1
@colusbeatrice2493,""" Hold on jungkook """,1
@Ashley_army97,April 2024 who still listening to this masterpiece...raise ur hands,1
@aryanchhipi142,Getting golden vibes of that era ,1
@beauthv,"Those who heard ""hold on jungkook"" raise your hands",1
@JordynRichards-vk7iw,I'm so addicted to this song  It lives in my head rent free,1
@Toxicsarah.n,march 2024 still listening to this masterpiece,1
@kookinie._.,Oh the lyrics ï¸ 'ride it',1
@srutisahu9618,"This music soothes my heart, mind & soulï¸ï¸",1
@Sky.clouds.7,I'm not his fan but still I like this song so much this is a such a masterpiece ,1
@ranajitmandal3441,"0:11 to 0:30 gives me goosebumps, such shrilling music, ohh that great. A TRUE MASTERPIECE! OLD IS TRULY GOLD!! THIS SONG NEVER FADES!!!",1
@kajalyadav8769,With earphones it seems like heaven ,1
@zahooryaqoobrather615,Released in 2008 still trending in 2023 a real masterpiece,1
@ritika_1028,"Hold on don't go 
Hold on jungkook  
Go Namjoon go 
 Can't unhear it
. 
. 
. 
. Thanks for these likes ",1
@Jenny-i9x3f,Just Deeply Feel this song ..love from India ðŸ‡®ðŸ‡³ðŸ‡®ðŸ‡³,1
@bashkimmehmedoski5109,"The ""Then you wink at me and walk away"" Is my fav PART ",1
@muhammadsaifulislam5530,Don't matter how many months or years this masterpiece never get old,1
@Rajput_harsh_0009,"Any indianðŸ‡®ðŸ‡³ here 

~edit:- thanks for 12k indian ðŸ‡®ðŸ‡³",1
@ohyamalabuyo7505,Can't stop listening...2022 and still never gets old...,1
@lixverse,"â€Let it v let it v let it v know hold on jungkookâ€
Will always be in my head ",1
@devasishbindani9993,"Let me feel you....
And this song still hits the right strings everytime since 2008",1
@creationandart6320,This never gets old....),1
@TopApps-y1b,So beautiful song.... Woow... Music ,1
@Asgaming0178,This song never gets old...! ,1
@utproductions938,"""Ride it Ride it, Come touch my soul..""These lines hit me hard..",1
@thv-ap_adv,It's may 2024 who is here for this masterpiece ?? ,1
@shredharvenkatesh7009,Wow that vibe,1
@taposdarungaanmondal5437,"who are listening this masterpiece in June 2024 ?? 

Edit : thankyou guys for 1k likes",1
@taslimamunni2175,"I have been listening this song since 2008, it never be old. It always touch my soul ",1
@AlisaArmaan,"Couldn't understand what to appreciate, the lyrics,Jay Sean voice,or the music,everything was just perfect.",1
@iloveu6687,What a starting music! Just fabulous,1
@Deepapriyangani-w8p,This never gets old ,1
@goodgirl04,"That... ""Won't you take me  home.. I WANNAA.....  Ride it.."" is another level",1
@rama23666,This song is always being played  in my heart ,1
@SalmanMalik-en9im,2025 Attendance Here ,1
@i_have_no_chingu_,Let v let v hold on JUNGKOOK can't unhear it ,1
@Violet-hm5tm,"his voice is literally so rich, not the money rich but the deep, vivid, full of tones meaning of rich",1
@Induced.Insaan,"July  2024
Still listening 
Give your attendance",1
@NamitaKumari-t4l,I LOVE THIS SONG>3,1
@Mayaaxxx,"""go namjoon go*
""hold on jungkook*
""let it v, let it v, let it v known""
 ""touching jimin, teasing me""



The touching jimin one, idk if it sounds like it but thats what i hear <3",1
@olaf3634,"1:32 that ""mmm"" hits different ",1
@tzuyuchoi3991,"Still hearing ""Hold on Jungkook"" and ""Go Namjoon go""-",1
@Shivanyasri684,Indian music vibe too coming...,1
@shahidaparveen1410,This will never get old because it sounds like hold on junkook,1
@wethminavodya-u7m,0:10 oh my god that music is the only solace for me now. can't explain in words ,1
@tahminareza6173,this song is never gonna old ,1
@Happysite-27,This is my favourite song ,1
@md.biplobhossain6707,00:02 the  tunes  is just awesome can't express The felling ,1
@rkhussain9720,I love it ,1
@rajaghosal9577,Listening first time & I'm obsessed now. What a masterpiece,1
@HAYRENAPASHT-pc4tf,a legendary song that lives forever thanks to an angelic voice,1
@abethoilaishram7130,Hearing this n doing it at the same time feels uffff,1
@govarthanarao5596,Great song. And also a big standing ovation to whoever  searched it and found it on their own without asking the name of the song. I couldn't catch one word until I asked for the name of the song. Thanks for the lyrics man,1
@muhammadsaifulislam5530,This song rides me all the day ,1
@pradeepreddy688,My fav ,1
@LOFISONGS41143,"this song will never get old                                                                                                                                                                                                 that line , that background music , that background just they gives vibes like we are in this song its awesome ",1
@etempleentedu6878,This one will stay evergreen forever ,1
@neko_nest,still listening this.. july,1
@tejashreee99,i love this song,1
@Dark_life225,"No matter how many months or years, masterpiece never get old",1
@HindiMovies_store,"What a song!
Anyone listening in 2024?",1
@everythinghappen7134,The tune that plays in the starting just enhances the song and makes me obsessed ,1
@SHDEADYT,Never gets old ,1
@Lyla_34,Anyone in 2024?,1
@NileshSharma-oy7kq,This song  never get old,1
@JayashreeChandra-p6u,My favourite  song ride it,1
@RYojna,"Hold on, don't go ï¸
""Hold on Jungkook"" and ""Go Namjoon go""",1
@sagar923pandey,"Wu Chang Clan X Ride It ï¸
Brought me Here ",1
@becreative6381,The music... Simple and wow,1
@aloneload318,Bro this hit will never get old ï¸,1
@wildfox786,Music takes to heaven ï¸,1
@kawsarahmedkonok4378,"August 2024, Anyone here??",1
@janudanadith9412,Intro is perfect ,1
@foodieaiman78,This masterpiece will never get old...... I'm in love with this lyrics...ï¸,1
@simransinha1357,My elder sister is addicted to this song.She listens to it everyday..,1
@sumayabintemuzahid9735,Love it,1
@khushbugaur4702,When some songs make you feel special ï¸ï¸ï¸ Close to my heart till my last breath ï¸ï¸ï¸ï¸ Memories never die. ðŸ«°,1
@Bhagwatshinde1663,"New army:""hold on jungkook""
Old army :"" go namjoon go"" 
Fact: ""hold on don't go""",1
@YumnaYumna-b7g,I like this song    ,1
@justvibealone2480,This is so addictive ,1
@sudiptadas6313,Hold on JUNGKOOK /go NAMJOON go......uff can't unhear these ,1
@saharmalik208,"Aaaah this masterpiece i was looking for ï¸ 
Lyrics like heart beat ï¸",1
@FatemaislamShilpy-l1n,So beautiful songï¸ï¸ï¸,1
@jyotikhatri9220,It's 2023 still listening this song this song never gets old ,1
@bimalsanki8723,"Me plays this song on full volume and sings on top of my lungs.
Jungkook, Tae, Jimin :- ï¸ï¸
Jin :- Running behind me to hit me with his pink pan.
Namjoon :- Running behind me with a razer to shave my eyebrows.
Hobi :- Running behind me with a bottle full of Hobi water.
Yoongi :- Sleeping peacefully in his room.",1
@mannattabrez8668,"Oh I love this song , I'll never get tired by listing this. This line is just wow..... Ride it We're all alone",1
@yudhistirabatria2543,I love this song ,1
@t2x2kcm,Anyone in 2024 March ,1
@vijiak,What a song what a voice I am feeling uneasy in a good way2023,1
@olahawar201,Old but gold I love it,1
@janicepereira5755,Masterpiece,1
@aasthaabhishikhasahay806,"Really "" Its been about a month and twenty days"" but still can't get over this song ",1
@thatsawrap8,I saw him perform when he was up and coming he sung this live just perfect ,1
@bismirtiresmi5957,That tune has another level of vibe,1
@soorajpal7116,"This is the best song i have listened. 
Best song buttonï¸",1
@ashfaqdab,This song is so peaceful yet it means something else only ,1
@firegamerking2790,Anyone 2024 ???,1
@aespaonnextlevel878,It's the first time i am giving this much to a song. It's keep playing in my mind ,1
@aytencana1657,Perfect music ,1
@arpitasaha5166,Anyone who loves this song till now!???,1
@chimmypark2322,"Me coming here to make sure the ""hold on Jungkook"" is the true lyrics",1
@nargisnaharxb1413,"After understanding the lyrics 
I need holy water .. 
My soul - bade harami ho betaï¸
Anyways Single me vibing the entire time listening this song ï¸
Loved it",1
@tejanyavadlamudi,this song never gets old,1
@mylastbilimon366,"The music, the lyrics, the vocals! ",1
@Idkbutblack,This song is never getting old ,1
@rosefederowicz_7438,My head lovein this song ,1
@Winnerfeel,I heard this song the first time today and Iâ€™m totally hooked ï¸â€,1
@Pure_Seventeen,"Don't matter how many months or years, this masterpiece never get old",1
@atharvanetane,Really Mind-blowing Song !! ,1
@jisooismylifeline,This song is iconic forever,1
@shiparna_dey,The intro just ,1
@ritamaharana9843,Her voice is gorgeous ,1
@hajiraaasyed,Saw an edit saying it sounds like â€œhold on Jungkookâ€ and I canâ€™t unhear it now !!,1
@TlTongdenmu,I heard this song when I was a child. Now I am all grown up and still listening to this song. ,1
@nayanarathnayaka4213,Yow yow,1
@ÐÐ½Ð°ÑÑ‚Ð°ÑÑÐšÐ¾Ð»ÐµÑÐ½Ð¸Ðº,2024 Ðttendence Here ,1
@sidd_aadi289,never going to be old,1
@Alishma361,ë„ˆë¬´ ë†€ëžë‹¤ ,1
@HarshaniMadushanki,Anyone in 2024?????,1
@swetathakur9723,The beats are perfect and the background music gives me Indian vibes just love it ,1
@MdAsif-mt4jo,This song stays at my mind rent-free. Awesome!,1
@Real_Levi,One of my favorites melodies ,1
@sangitalakkar8934,I had listened this song at least 15 to 20 times who else have listened it so many time,1
@diyarana3026,This never gets Old,1
@wasimkarim3808,This song,1
@sandykkr,This song is something else.... Every time I listen to this it feels so fresh and healing.... My favourite since childhood,1
@AaliyahWafaa,I'm leaving this comment so if someone likes it I'll get a notification and i can hear this masterpiece again.,1
@archanardy1506,Everything about the song is awesome and its really very soothing. ,1
@aya_kcr99,My favorite songï¸,1
@dramamix8068,Any army here  28/08/2024 anyone here ,1
@misayesha4026,I love this song,1
@Ð›Ð°Ð¿ÐºÐ°Ð²ÑˆÐ¾ÐºÐ¾Ð»Ð°Ð´ÐºÐµ,Ð”Ð¾ Ð³Ð»ÑƒÐ±Ð¸Ð½Ñ‹ Ð´ÑƒÑˆÐ¸ Ð¸ ÑÐ»Ñ‘Ð·..,1
@TaanishkaRooshith,""" Hold on don't go "" 
"" Hold on Jungkook "" 
Can't unhear it ",1
@arpitagururajbtsarmy,I love this song alot..... ì‚¬ëž‘í•´ìš”...,1
@KkKk-qd4fv,old is gold,1
@hanicali4142,Anyone jun 2024,1
@shamschannel9616,My childhood song ,1
@AngelShreta85,"""hold on jungkook""",1
@vinodkamar6592,Nice song,1
@shalikarathnayeka6738,His song has a beautiful rythem,1
@ummeamara934,Damn i love the lyrics,1
@BTSGoldenBoys-ki4sp,April 2024. Still listening to this masterpiece ,1
@ArmuGamerz,Added to my Music playlist ,1
@JasJrjjhr,Wu shang clan mix up,1
@NishuSingh-km8dg,"Raise your hands if you heard ""go namjoon go""",1
@Khloefidelis33,"Let it v
Let it v
Let it v know
Hold on Jungkook",1
@PalakDwivedi-v3w,The vibe of this song is so chill cozy and romantic,1
@UniqueVidhan,This song will always fresh. ,1
@zq04956,â„Žð‘œð‘™ð‘‘ ð‘œð‘› ð‘—ð‘¢ð‘›ð‘”ð‘˜ð‘œð‘œð‘˜ ,1
@preetipatel9722,I love it's vibe!!,1
@AnasAnas-gx3bk,This song is good,1
@malihamahzibenkona9430,I am single but this song give a vibe,1
@swagmalone8092,"I used to innocently listen to this when I was 11 and used to go along with ""Ride it. Ride it.""
How did I go 10 years without realizing what this was",1
@priyarai6897,Not my Indian soul singing to the Hindi version while watching English lyrics ,1
@PriyankaGhatak-z9z,The vibe is real,1
@aaminaekram3553,"""Ride It"" is a catchy song by Jay Sean. It's an upbeat track with a great rhythm that makes you want to dance. The lyrics are about enjoying the moment and letting go. It's a fun song to listen to and get you in a good mood! ",1
@alexyoongiritiello2604,"i love the song so much 
I also love these comments lol",1
@shuffle2915,favourite music ,1
@jkwife1,This song giving me junkook vibes,1
@AbdullahIslam6429,Love from Bangladesh ðŸ‡§ðŸ‡©,1
@lallugaming07,Lovely song,1
@RyanHamilton-jn9tx,I cry every time I  hear this masterpiece  it bing back memories,1
@mahihero7500,Feel the music ,1
@kajalsunny5163,Masterpiece ,1
@Motivation-mastermind-,Goosebumps ,1
@ê¹€ì œì‹œ-t9i,"Did you guy's heard that
Let it be,let it be, let it be known
Hold on jungkook ",1
@sdaishita7132,I never be bored with this song,1
@jennierubystan78,In love with this song ,1
@asifshah76, ,1
@rupalipatnaik8413,Can't stop listening.........2023 sept still never gets old ðŸ‡®ðŸ‡³just feel the music  lyrics ï¸ï¸ï¸,1
@ur_local_swiftie,0:43 hold on jungkook,1
@ayefunayakooth7478,''Go namjoon go'',1
@MuhammadImranMuhammadImran-t4e,ADDICTED!!!!!!,1
@m.ine1, I'm not the only one to hear him say hold on Jungkook!!,1
@Savagegirl-t5k,This never gets  old ,1
@peshfra6026,It's been a decade since I first heard this one. Can't believe the nostalgia it's like I've heard it for the first time,1
@shyamalidissanayake4319,You are a best musician   ,1
@Himanshupandey-gd7di,This song never get old,1
@Lachimolala_._,"""Hold on jungkook"" 
    .         and
 ""go namjoon go""
Amyssss saranghaeyo ",1
@TiRaMaSu_Cake,"I CAN'T WITH THE ""HOLD ON JUNGKOOK""",1
-,Who are here in May 2024?,1
@AafrinFatima-l6b,I love this song ï¸,1
@mihaelaandronache7193,Incroyable,1
@Loneliness_is_my_strength,2:25 Whenever i listen this tune....i don't why but it reminds me any indian song tune....is it only me or someone else feels like this?,1
@harshithaacharyaharshithaa3252,"Before: hold on jungkook 
Now: go NAMJOON go
Wt actually it is: hold on don't go",1
@ayansob.com.,My favourite song ,1
@DrawAnimetiz28,Hold on junkook here ....,1
@poojapaudel8855,This songs lives in my head rent - free BTW love the intro music ,1
@Mahamarmy,Hold on Junkook ï¸,1
@The.Mafia.Queen.Ot7,Please tell me that I AM NOT ONLY ONE who hear ''HoLd On JuNg KoOk'',1
@LamzxboyjaitshangoiLamzxboyjai,-,1
@bratatidas123,Light Off + eyes close + I feel you ,1
@rkhussain9720,Ride it ,1
@PriyankaMojumder-q8r,So beautiful song,1
@mrs0t7,"""Let it v let it v know "" and "" hold on jungkook""or ""go namjoon go"" 
Just wow ",1
@shagunpatel9144,It is a.. Masterpiece,1
@Moin2048,Love from Bangladesh ðŸ‡§ðŸ‡©,1
@riceyrice8827,"I searched ""hold on Jungook"" and this song successfully showed",1
@Amber123-x6o,The starting melody is from another world of goodness ,1
@some0ne-,"""Go NAMJOON go""",1
@AbhayGupta133,Amazing song I'll try this love from india,1
@naincysingh294,"Let it ð™‘ , let it ð™‘
Hold on ð™Ÿð™ªð™£ð™ ð™¤ð™¤ð™  
Go  ð™‰ð™–ð™¢ð™Ÿð™¤ð™¤ð™£ go 
Touch tease ð™Ÿð™žð™¢ð™žð™£ 
That's my fav line 
á—·TSâŸ­âŸ¬army",1
@Jikook202,I love its music ,1
@Tututikky405,I love it ,1
@KoliAkter-xn6nb,It's giving me goosebumps ,1
@milkymilky4312,Hold on jungkook ,1
@CCN-19,1:26 AWS ,1
@RAVINDULASAN,-,1
@MdUbydullah23,Any blackpink and bts fans here,1
@kirpikarga1997,"""Go Namjoon Go"" this time",1
@sumeshjaison686,"Go namjoon go
Hold on jungkook ",1
@Miss_fazz777,I love this song,1
@Priyachaubey6522,Anyone 2024  this is my favourite song ,1
@kristi5783,Hold on jungkook and go namjoon go is just stayed in my head,1
@prakashprusty4634,The thing I remember till hold on jungkook that word is just,1
@ammusammus9362,The starting tune is something ,1
@mariyawaseem1090,"Now i know that it's not ""hold on jungkook"" it's hold on don't go ",1
@NisaSingh-f1m,"Others - enjoying the music  
Me - imagining the lyrics ",1
@pravakiro7317,"This song never gets old  
Old is gold guys",1
@RajaBegum-t8x,"Anyone in june 2024 
I wanna see how many legands are here ",1
@Antrish-xp5xp,May 2024 if Ur here U have the best music taste,1
@Dash_Shalu,1:40 won't you take me home ? I wanna ride itï¸,1
@SaqibSaith-i3r,yes i am here,1
@shuklamajumder1820,"Those who heard ""hold on jung hope"" Raise your hands",1
@ZimBa-cb4dl,Anyone from 2024,1
@meenakshikakran6655,Let it v let it v let it v know hold on  jungkook wth it is amazing,1
@Divya-sz2uv,What a vibe ,1
@Mahinur-ou9dt,Any Bangladeshi here....?ðŸ‡§ðŸ‡©,1
@swathibaby9191,I Just came for Check this lyrics  hold on jungkook ,1
@ranafarhan3156,"It's 13 of June ..And ..I'm listening to
 ride it...",1
@rajking4495,old is gold bro,1
@ashokashokyadav7556,Jo ve mere comment ko par raha hai me good se pray karta hu ki uska papa and mummy 1000 sal giye,1
@btsarmyforever7626,"When I first time heard this song on shorts, it actually sounded like 'HOLD ON JUNGKOOK'. I wish it was actually for Jungkook. But I will still hear it as 'HOLD ON JUNGKOOK' and say it for Jungkook.",1
@ethereal_bts_7,"Jay sean: let it be, let it be, let it be known hold on, don't go touching and teasing me telling me""no"" 
Meanwhile ARMIES: LET IT V, LET IT V, LET IT V KNOWN HOLD ON JUNGKOOK/GO NAMJOON GO TOUCHING JIMIN TEASING ME TELLING ME ""NO"" ARMIES WE ARE SO INNOCENT RIGHT ",1
@swapnaraninath7572,My most favourite song..lot's of love from Bangladesh,1
@rounakzaman8232,Ist May 2024 attendece here.. ,1
@rafeeqahmedkalwad2465,0:13 the music is so soothing,1
@jimihoeficx1826,Hold on Jungkookï¸â€ï¸â€ï¸â€,1
@___suryansh___07x__,1:12 hits different,1
@leilafreitas9633,Amo essa mÃºsica ,1
@ny.9461,Fabulous,1
@KashifaNazir-r4q,Who is listening in 2024,1
@MadhuGupta-n9d,Amazing song.Gaane ki har line heart ko touch karti hai ,1
@JulesMoral2009,RIDE IT ,1
@Glossy-_-Girl-_-Yumi,Hold on Jungkook ,1
@creationandart6320,Mind blowing,1
@sumaiyasumi6181,Absolutely perfect,1
@jeontae_mini5615,This song never gets old fr  2:56,1
@baluchavan8837,Hello world from India ðŸ‡®ðŸ‡³,1
@JonyKhan-v5s,My favorite song ,1
@CrazyShu1234,"This song always reminded me and still reminds me the ""scene"" from LOVE IN THE AIR dude the scene when Rain says this is also riding",1
@momsmagicalkitchen1658,This song will cherish my memory throughout my life and it's hold on Jungkook always.,1
@AamiIfuz,This song is never getting old jungkook ,1
@jeni_a7,This heart warming tune never gets old ï¸,1
@Muskanrawat-tz5vk,Who's listening this is 2024,1
@scammer7752,This song giving me vibes of hindi song,1
@f.amujawar3291,"Let it V
Let it V 
Let it V know 
Hold on Jungkook/ Go Namjoon Go.....















Btw any Army's Here...",1
@SahanEnterprise,let me feel you :),1
@chinabasak7753,Armys are totally listening this song in different language,1
@jungkookjeon3382,*Go namjoon Go*,1
@shijalofficial,I really love this song ï¸,1
@mahamaryam9018,"I searched this song because of ""Hold on Junkook""",1
@kimaira2703,'' Hold on jungkook '' cant unheard it,1
@livandeelyngdoh333,Any ARMYs who came to check the lyrics?,1
@dulz11-d8k, from ðŸ‡±ðŸ‡°,1
@RaghuvanshPratapsingh-hm5rf,Any one from bharat ðŸ‡®ðŸ‡³,1
@ur_local_swiftie,â€œHold on jungkookâ€,1
@bangtanarmybiased1421,"Who listened ""Jungkook""ï¸",1
@SanFit_gamer,I don't have words to say about this songï¸ï¸ï¸ï¸ï¸ï¸ï¸ï¸ï¸ï¸,1
@dreamer23656,"I am here by searching ""hold on Jungkook lyrics"" ",1
@Drea_An,ARMYs be here with the exact same reason huh ,1
@Shagun_m7,Go Namjoon Goï¸,1
@AIA_Gamers,This lines 1:35 ,1
@sadikasubha123,Those who heard this song in short video raise your hands please ,1
@monikabarman4283,"I was studying for my exam that's today. And in background of my mind it's been playing on and on  can't suppress the urge to not listen 
EDIT: I was singing the same in the middle of exam today LoL ",1
@Manju_verma6,1:31 just stole my heart,1
@SayaniSil-f9k,The lyrics ,1
@BTSarmygirl48,2024!!,1
@aisheemondal3026,"actually : Hold on Don't Go
I heard : Hold on Jungkook",1
@shawarja,Any srilankan hereðŸ‡±ðŸ‡°ðŸ‡±ðŸ‡° ,1
@p.shanthip.shanthi1694,Hold on my JIMIN,1
@shafiyaZaheer-mn2jn,bts army did you all hear that,1
@KhadijaBinta-od8en,Any army hare ,1
@khushi232,"""Hold on Jungkook""
What was he doin'",1
@SakshyamThapa-w5l,Fav song always,1
@Sunil.026,any jee aspirants here .....,1
@VanthalaGanesh-fr6vt,Anyone in 2024,1
@pro_girlmm2,Anyone 2024 ??,1
@IslamiTopic-d8b,This music  yeah ,1
@jichublink1444,"In which angle it sound like 'hold on don't go' 
IT LITERALLY SOUNDS LIKE 'hold on jungkook...'",1
@Jeonlovv,"""Hold on jung hope """,1
@Abcd-np5zq,I can't sleep without listening this song ,1
@Humi-BunnyOt7,Armys where are you?,1
@creationandart6320,Love it,1
@Safa_Arian,Anyone in 2025 ... ..,1
@ehsanali4397,amazing song,1
@khanshafique4926,Your voice sooo better yrrr ,1
@User_1051,Hold on jungkook and go namjoon go is permanent ,1
@blade_blmf6824,Ð’ÑÐ¿Ð¾Ð¼Ð½Ð¸Ð» Ð´ÐµÑ‚ÑÑ‚Ð²Ð¾...,1
@NileshMinz-c5z,What a lovely song ,1
@kaustubhpandey3698,Meanwhile me listening for hold on jungkook,1
@jully-asmr,"""Hold on jungkook"" AJSJJAJXJXJAKA",1
@mdmukulhossain-pm3cr,Any Bangladeshi here?,1
@SantoshSingal-f3h,Omg I love it ,1
@Skincare133,"Anyone here in july,2024",1
@lochanaamunugama5220,Any srilankans!!??ðŸ‡±ðŸ‡°,1
@vloggerashu1102,This is my favourite song ,1
@mahbubor1424,"Those who heard ""Go Namjoon go."" raise your foot ",1
@taeggukofficial,"I remembered this song got famous among army because ""hold on jungkook"" lol",1
@Pavani825,"Any one who feels indian  ,, Vibe in this song",1
@soniaakter935,-,1
@sunnyandcocothebabybirds3671,"This part!!! 0:41ahhh
Its: let it be late it be know 
     Hold on Don't go
But I hear it as
      let it V let it V let it V go 
    Hold on jungkook 
and sometimes as:
     let it V let it V let it V go
    Hold Namjoon go!
Don't forget",1
@hanaaluri8851,Who came here from tiktok ,1
@Urvi.babbe.03,Any Indian ðŸ‡®ðŸ‡³ from our colourful country,1
@MdNojrulSheki,Nice song ,1
@JenniferA-u6w,Any army here,1
@MdAditya-ot9bq,ANY BANGLADESHIðŸ‡§ðŸ‡© HEREðŸ‡§ðŸ‡©,1
@bunty00793,Masterpiece ,1
@inaot7,I actually searched for this song like hold on jungkook song,1
@UmarRaja998,Peice off mind song wallah ,1
@MekhribonuArmy,Any bts army here ,1
@remolajames2553,2:45 ,1
@janmonigogoi1081,Any one here Indians ,1
@Megha-c5r,this is song is ,1
@NamitaKumari-t4l,Any BTS army here?,1
@Monalishascraft,"I came here to see the real lyrics... 
From, ""HOLD ON JUNGKOOK"" ytshorts
But, after seeing lyrics also I can't unhear it











And when you understand the lyrics",1
@adalatyadav4344,And let me know how many army heard it jungkook,1
@ankitadogra7736,Vibe is gold,1
@Lisa__bp69,"LET IT BE 
LET IT V


HOLD ON DON'T GO 
HOLD ON JUNGKOOK 
ANY ARMY HERE SO LIKE MY COMMENT AB MAIN BI DEKHU KI KITNA LOG BTS KO PSAND KARTA HAI",1
@Khan_Arsh,"Normal Peoples :- hold on dont go 
Chapri :- hold on junkook",1
@bandarasanjeewa7227,Any blackpink here ,1
@kalkidanhabtamu-l9w,I love it from Ethiopia ï¸,1
@indulekha_army,"Those who heard ""Go Namjoon go"" raise your hands",1
@HaziqGulzar-e7w,Any pakistani ðŸ‡µðŸ‡° here ,1
@jthunder-s2n,Any Indian here,1
@ayomalNX4,Love From Srilanka...Who love to Srilanka here,1
@DTLGirl,how many BTS armies are here to hear this lovely song???''''',1
@gamingeithdev_YT,When you can understand what the lyrics means ( unholy armys),1
@Adnan725,0:29 starts here,1
@RimjhimSoni-og2hv,I really  enjoyed this song ,1
@portionchisuwo4325,I actually search this song in order to understand if they are really saying hold on jungkook,1
@barsha6276,Who is indian ðŸ‡®ðŸ‡³ðŸ‡®ðŸ‡³ðŸ‡®ðŸ‡³? like,1
@Sharbinibrahim,0:49 i heard   look simon i need to give you,1
@AmitPatel-143,-,1
@Mimipawzz,I love this song fr,1
@kabirascollection7793,0:31 wonderful ,1
@SrejaChatterjee,"0:43 Hold on don't go  
Hold on jungkook ",1
@craftsbyamnaatif427,"The voice the song  


Edit: thanks for 11k likes",1
@remyakr2170,I love this song ï¸ï¸ï¸,1
@Shahzad_Ali_001-,"This song is old but, old song is gold ..",1
@alammama8128,It's my fav  song.wooooohhh,1
@ShakivMohammad,0:10 feel this music. Its masterpiece.,1
@MichaelNadar-rx6pj,MASTERPIECEEEE,1
@prakashjha8451,I love this  song ,1
@Ismatara-o1c,Love this song,1
@aurangzebkhan548,I love this songï¸,1
@SONIASHARMA-py6cg,Armies are everywhere ,1
@BokterHossan,So so ,1
@raziaiftikhar-o9j,This song is addiction ,1
@shanvimukthi7319,Ride it ,1
@suman9737,Fav..one ,1
@cuteangel6747,I am doing art while listening.,1
@Taha_moni788,Fav song...,1
@__rohit_jatav____,I love  this masterpiece song ï¸,1
@rajeshpal1034,Old is gold,1
@AbhiKumar-p1f,I like much this song,1
@saminkn8895,my favourite song . I like it ,1
@anishakumari6235,  please relax every one,1
@Lv.rajput-sl8od,Love this song,1
@khushibisht9993,Wow nice feeling ,1
@mridusri,"My fov English  song , I love this  song very much",1
@InaduYadav,Love ,1
@dipakkumartripurs577,Hold on jungkook,1
@Saif_hun_yar,I am in love with music ,1
@Tarannumnazia,"Let it V let it V let it V know 
Hold on Jungkook ",1
@karunashrestha5555,Fav,1
@Heavenexp,National anthem of our office,1
@Techpatch,great song ever ,1
@RupiksPriyadrashni,0:30 is amazing ,1
@LiluCh-b6z,"Ahhhhh,,,Songgggg",1
@shailkhan8809,This is old song but vibe is gold,1
@bts_army_world-Mim,Hold on Jungkooomg,1
@vloggerashu1102,lyrics awesome ,1
@rajasingh.x,yup here with you ,1
@GSwithDrishti-1103,"BTS Army "" Hold on Jungkook""",1
@Mst.sajedaKhatun-h3t,My Favourite Song,1
@Meenaiyer974,"I just wanted to make sure that whoever is reading this comment this is for them....I wish you a healthy, prosperous, wealthy and a loveable Happy Life.... God bless everyone....",1
@Btsblackpinkafghan,I listen to this song since it was out and I didnâ€™t want to comment and itâ€™s my first comment and itâ€™s because bts and black pink,1
@Spare-n2w,-,1
@radhikagangrade,Starting musice ,1
@ManjulaNanda-es9nd,Happy birthday Jk please let me touch y'r soul.,1
@PinkooYadav-c4h,I am from South Korea ,1
@shamsiraza6771,Yessss mee purple you,1
@SunshineFlavours680,Vibe ,1
@sangitajha8092,The smooth voice  and hold on Jungkook ,1
@Shining_yoyoX,I Love this song Ã— ï¸ ï¸ï¸,1
@AnkitRaj-m8y,Fabulous ,1
@cuteworld16,First 0.41 seconds takes me into another world,1
@Armygirl-hv4vm,Jk is awesome ,1
@theaialmanac,Aww this,1
@NusratAhmedAhmed,10/10,1
@shaddy-1234,Is anyone in 2024!!??,1
@RiyaSaroj-qs2ve,Very nice song,1
@life.366-c1v,This masterpiece fire ,1
@GSBhatti-h2c,"Hold on don't go 
Hold on jungkook",1
@shwetatelang3972,This song will never get old..This song bgm is like a slow poisonï¸...I am so addicted to this song. This song and bgm gives me goosebumps whenever I hearï¸,1
@AbdulHadi-b5x,this song,1
@Zuni__06,This song direct hit heart ï¸,1
@sindhusindhupriya8761,Let it V let it V let it V  know  Hold on jungkook   Taekook  ,1
@bhavanicreations2463, superb,1
@skmyworld6688,All time favorite,1
@Rafee---986,I like this song. Am from Kerala. ,1
@Rekha-y2d,Best song,1
@IkramBarih,"Hold on don't go
Hold on jungkook ",1
@KoliAkter-xn6nb,Crazyyyy mannnnnn,1
@PyncheSari,Best song keep it up,1
@HOMOSPIENS,this song is sooooooooooooooooooooo good,1
@mahnoorbashir5014,Best song lovely ,1
@arshpreetkaur7513,"Ride it by jay sean~

Iykyk ",1
@AnjaliEkka-rx6jj,Yes,1
@Rekha-y2d,So good song,1
@PrathibaniBuddima,Wow very nice  song,1
@Ð›ÐµÐ¾Ð½Ð¸Ð´Ð’ÐµÑÐµÐ»Ð¾Ð²-Ñ1Ð¾,"Ð‘Ñ€Ð°Ð²Ð¾, ÐœÐ°ÑÑÑ‚Ñ€Ð¾, Ð±Ñ€Ð°Ð²Ð¾",1
@SamyakJain537,Amazing,1
@AKIB333,My favourite song in my whole life,1
@Kimaswini,Anyone October 2024ï¸,1
@alwaystruth3558,Bangladesh waving hereðŸ‡§ðŸ‡©,1
@TSOXYGEN,This line Ride it ride it come touch my soul,1
@Pinu-z3c,The 20 yrs will pass easily by listen this song,1
@RishabhSoni-y3o,-,1
@himanshuarora456,I love this song ,1
@MadhuSingh-k7m,Nice song,1
@NehaJoshi-yz3kr,I love this songï¸ï¸ï¸,1
@biswajit3849,My favorite song ,1
@AbdulMonnan-t5f,My favourite song ,1
@Siddharth..780,-,1
@SonakkshiKhawas,Wow nice song ,1
@pankajsharma-ei3uj,Ultimate,1
@mahraj022,Yes I am bts army I love u kookie    ï¸   ,1
@khokanmondal4838,No.1 song in world,1
@uR_aNnUu,Anyone in September 2024? ,1
@pankajsharma-ei3uj,Ultimate,1
@Faiez_imran,Army are here  ,1
@mdkowsarali9757,I love It ,1
@Tube.holyx.i,Let it ,1
@MaleehaYousafzai-e8y,I like this aong sooo much ,1
@malikhadi5357,Yes,1
@shortsmovie0707,Nice song,1
@gouseinamdar-te4qu,Nice song,1
@sidratulenshiya6345,Tune are so cool,1
@UmmeHani-o1i,Hold on jungkook never get old ,1
@bachyakhan959,It's master peace,1
@RajTama,Sicke  thats   the    1   number,1
@Its.Jourdyn,This song needs to start paying rent in my head,1
@MdRahmat-d2s,Any BangladeshiðŸ‡§ðŸ‡© here??,1
@NajminShahshahela,Wow! is't a magic song ,1
@dineshchandradube3217,I am BTS army. I love BTS so much ,1
@AlfazAlfaz-sy5we,Yaaa......yaaaaa,1
@Almasraoufi9211,Hold on jungkook,1
@Divya_singh007,Hold on don't go  hold on JUNGKOOK ,1
@Edit_bda_07,This song lyrics so good ,1
@amazingelectricfact,"Ride it 
Ride if
Starting music is 
Innovation",1
@ameyaammu3520,It's a powerful and love song so am love this song ,1
@gosiame1,what an entirely sexy song. I need to hear the instrumental pronto too.,1
@krishanthigomaz2263,This hit like a 90s song to me,1
@TeCHnozONe969,Such a romantic song,1
@vijayalakshmi-ou9fo,I love the ride it,1
@jagatpatel2531,Baby let me feel you ,1
@ShakshiKumari13412,"I am living this because if someone like it i would remind  about this beautiful song  
  
Thank you 54 k like please ï¸",1
@bkajaybhai7328,Yes ,1
@anirudhgahlyan8021,Wushang clan,1
@KamrulhasanDulal-n6n,Anyone in 2024,1
@HarshaniMadushanki,"Music 
Song 
Agree????",1
@arminaziz-i4m,This song has taken over my mind in rent  and any Bangladeshi here,1
@ManjuSaharan-xz8fu,"Let it V, let it V, let it V know
Hold on jungkook
Touching me jimin",1
@RubyOtoo-z5f,Let it v let it v let it v know hold on Jungkook touching Jimin and teasing me is my fav part right army ,1
@Bushra-nc3xg,I LOVE,1
@FLASHgaming576,Love from india ,1
@AnjaliPandey-fk4qm,This song is like a happiness,1
@puppy5744,this song is really gud,1
@mohammadmohsin927,Lyrics ï¸,1
@blink-army-7-4-74,"Hold on Don't go
Hold on Jungkook
BTW, This song never gets old",1
@SiamAhmed-em2dr,Hold on Jungkook ,1
@GavharDjumakova,love,1
@khalidkingston3800,I like this song,1
@KavithmaRathnayaka,Still listening....,1
@SarahKhan-k3x,I like this song,1
@LakshmiLalithaparnavi,â„ð•’ð•¡ð•¡ð•ª ð•“ð•šð•£ð•¥ð•™ð••ð•’ð•ª ð•›ð•¦ð•Ÿð•˜ð•œð• ð• ð•œ ,1
@LakshmiLalithaparnavi,â„ð•’ð•¡ð•¡ð•ª ð•“ð•šð•£ð•¥ð•™ð••ð•’ð•ª ð•›ð•¦ð•Ÿð•˜ð•œð• ð• ð•œ ,1
@LakshmiLalithaparnavi,â„ð•’ð•¡ð•¡ð•ª ð•“ð•šð•£ð•¥ð•™ð••ð•’ð•ª ð•›ð•¦ð•Ÿð•˜ð•œð• ð• ð•œ ,1
@SurajitSahoo-r4c,Love,1
@SatyaPrakash-yb2zo,Old is gold who agree like this,1
@ParulBegum-ee8qo,Hold on Junkook ,1
@Mamrajmeena-5,Wow,1
@NoushinJahan-q3u,Any Bangladeshi ðŸ‡§ðŸ‡©here,1
@ava14333,Ride it Ride it ,1
@rinusana1347,0:41 hits different,1
@SunitaBarnwal-j9b,Yes,1
@MuladiComputers,fvrt song,1
@rajesmajhi9808,My forever music ðŸ«¶,1
@anjali00107,"Honestly JUNGKOOK brought me here 
The song is ",1
@JitendraMahato-xq6xq,What a feeling ,1
@BTSarmy_saranga,"[Let it v,let it v,let it v oh]
[Hold on jungkook]
[Teasing jimin]",1
@ramtawonkamei120,The music is very good,1
@ShrishtimouryaShrishtimourya,Jungkook is my favourite ,1
@sunflower...538,Fun fact: It's gives a different vibes in 1.25x Speed ,1
@Maria-e3t4p,"God when he says ""take me home i wanna ride it "" ",1
@USAMANGMOG,My love song,1
@souparnika321,Wow ,1
@Edit_bda_07,When I hearing this song my  vibrate,1
@shyamalchsarkar3277,my favourite song,1
@PASSIONFF27,15 September here ,1
@MasterGamer46290,Audience of 2024,1
@ArissaRattray-vh5by,Here!,1
@SouravChakraborty-oc9sb,September 2024 still listening ,1
@SanamAkl,My fevarout song ,1
@Minahil-gr9um,2:04  amazing feeling it ,1
@tusharpatel2017,Wushang clan ,1
@Hashim_gaming8903,who is watching on october 2024,1
@SibaniTantubay,I juÃŸtlove the song ,1
@mohammadmazharul3587,Nayone Bangladesh hereðŸ‡§ðŸ‡©ðŸ‡§ðŸ‡©ðŸ‡§ðŸ‡©ðŸ‡§ðŸ‡©,1
@sugandhachaudhary4228,Arey yaar right from 0:10-0:30 sec these 0:20 sec have been such an intimate music ooo mmyy ggoodd,1
@Ashley_army97,Anyone in 2025,1
@MANAANABBASI-p2i,"ONE OF THE BEST  TUNE ......
WHO AGREE ??????",1
@Englishfacts913,its backgroung is my fav,1
@Bangtan_909,My favorite song bts,1
@vijaysaini6535,Ride it is to good song ,1
@Poonam-ij5rt,Hold on junkook ,1
@Sonaliverma-kv8vn,Love it so much song,1
@abulhasem5373,"2:25 is the best of all music,,ï¸â€",1
@sadharuwasana4149,à¶¸à¶»à·”,1
@piumondal-ek9zq,Wow,1
@ammusammus9362,Anyone hearing this song 2024,1
@YonousMdyonous, nice ,1
@babarsiraj1248,I am girl my favorite song ,1
@mohammedyounus7506,It's indian from London ,1
@sss3110RR,Good ,1
@aryantiwari1522,The meaning of this song is just wild,1
@ArpanNaskar-u5h,00:42 the part is just amazing 1:23  it's amazing too,1
@randomgirlintrovert,i never get fedup of this song,1
@harashishsingh,It is a naughty tune,1
@SristyCentralSchoolCollege,When i understood the meanings iwas like i need hobi water!!!,1
@dineshchandradube3217,I love you bts,1
@MdSumon-c7u8j,I feel the song,1
@NasreenFatma-bk9wz,This tune sounds like Indian tune ,1
@shyamalidissanayake4319,This the true,1
@Prasanna-vr3no,It's a inspiration of smack that,1
@Elbek_Ergashev,Nice,1
@waleedattia-b8m,Wow Ñ”Ñ‚Ð¾ Ð»ÑŽÐ±Ð»ÑŽ Ð²Ñ€Ð°Ð¶Ð°Ð»Ð¾ ,1
@sudarshisriya8417,Perfect ulaâ€™,1
@DharmendraSHAH-j8y,-,1
@AtaurrahmanAtaurrahman-p3b,From Bangladesh,1
@Thetropreflechi,hidden drugs is there in this song,1
@Niya-bt8br,I can hear Taehyung's voice here singing hold on Jungkook,1
@FarzanaYasmeen-r1o,"Let it v, let it v, let it v know 
Hold on jungkook",1
@ThedaraOmalki,Aws rade it ,1
@Bailu-f21,Who are listening it on 2024,1
@motogears.6851,Where is our blinks and bts army,1
@SayaniDas-bk8lv,-,1
@SLhighcapacitydream,2024 anyone:),1
@Fallen-Clouds,I wonder how many babies were born because of thing song.,1
@NalakaChandrasekara-i4m,-,1
@bantidey7552,ðŸ«¶ï¸â€,1
@JayprakashDas-g9o,Yes,1
@ganeshpatra1877,-,1
@pritiGhoshalMusic,Let me feel you,1
@RemyaK.R-e5u,Indian ,1
@kasundarshana8346,Hold on Army,1
@miskaturrahmanarko1075,Let me feel you,1
@ramiladamor2456,-,1
@ffking7391,Anyone here 2025,1
@shivkumar-ri6lt,Any Indian here,1
@AshuddnAshu,-,1
@kolosargsyan9122,-,1
@rathiprabhu3023,Hold on jungkook ,1
@surendrameena9617,-,1
@NilaniAnsalan,"Yeah 
(Let it be)
(Let it v)ï¸",1
@damiennichols4628,"Na na na na, na na na na, hey hey hey, goodbye.",1
@veda.chinnu138,Jungkook hold on don't go ,1
@TahajSekh-w2v,Wow so Cute ,1
@AruSikder,-,1
@adeknyatutuyu1891,ï¸ï¸,1
@Jannat_Raisa_07,Hold on Jungkook ,1
@Bangtan4ever07,Who's watching in 2025 ,1
@RavinderKumar-lu5kz,-,1
@Mr.Bean_TV2,Anyone  from  there  another  world ,1
@ElisabethBold,Nice,1
@michelle-valentinavlog9462,"Who heard ,let it v let it v , let it v don't go jungkook in this 0:43",1
@saurabhpandey6698,Anyone in October 2024,1
@HannahTommy-ib2mh,As a proud army jungkook is in my mind as I listen to this song   ,1
@OT4_blinku,"Army be like 
Let it v 
Hold on jungkook 
Touching and jimin me telling me no",1
@arjenakhatun8228,-,1
@Creativelima,hold on jungkook,1
@fokeerreena3410,Top sing,1
@KALLUKUMAR-cp6se,I am listen a song my friend fresh and so many thought in my mind that time,1
@YazanDali-g3w,-,1
@hyunnnjinie_143,"I am a stay soo
Hold on dont go
Hold on jungkook",1
@KumarSanu126,Osm ,1
@molakamahalakshmi8661,-,1
@Preethasekar2441,-,1
@AidaNaveed123,"Hold on donâ€™t go 
Hold on jungkook ",1
@SaloniKumari-te9di,So very nice song BTS members,1
@anitari656,Hold on Ji Chang wook ,1
@RajMahant-j9v,let it v let v let it v yeah hold on jungkook.. ,1
@fathimarifa5971,9 October 2024 but still it's my favourite,1
@Nia_Nia7,Kya yahi pyaar hey,1
@ghostofuchiha1507,-,1
@sv4687,Nice,1
@Vishalxyz391,-,1
@Vishalxyz391,-,1
@sv4687,Nice,1
@MyDiary-o7k,Hold on Jungkook,1
@Opbro-m3q,Jai bhole nath ji,1
@RajuBillah,Anyone in 2024 like,1
@kritikamondal8168,Anyone I am listening it on 1 am ,1
@KaziFahmidaAlamDina,Any Bangladeshi here ðŸ‡§ðŸ‡©,1
@DoraeFatima-sb8qd,"Naughty mind results in getting knowing the lyrics too much.. Btw this 2:13, ""Then I walk away"" seems to remind me of something",1
@RutbaArif,Vibe to hai ,1
@SandaruSulakshana-ly5hv,FromðŸ‡±ðŸ‡°,1
